"id","title","alt","file"
"1082","fencing-panels-rounded-top-temporary-panel","","1082-fencing-panels-rounded-top-temporary-panel.webp"
"875","industrial-chain-fence-barb-wire_jpg","","875-industrial-chain-fence-barb-wire_jpg.jpg"
"748","staytuff-general-livestock-fence-03","","748-staytuff-general-livestock-fence-03.jpg"
"633","numesh-steel-wire-31_webp","","633-numesh-steel-wire-31_webp.jpg"
"632","Stainless-steel-weld-mesh","","632-Stainless-steel-weld-mesh.jpg"
"619","4-advantages-barbed-wire-razor-ribbon-fences","","619-4-advantages-barbed-wire-razor-ribbon-fences.jpeg"
"615","Metallic barbed wire fence. Secured razor wire barrier, steel pillars and razor wire border vector background illustration. Territory protection barbed wire fencing","","615-16240217_2106_m01_i006_n024-scaled.jpg"
"605","Metal fence mesh, pattern steel wire grid","","605-29946095_2206_w019_n002_624b_p15_624-scaled.jpg"
"520","Brochure","","520-deformed-bars@300x-100.jpg"
"298","diamond mesh2","","298-diamond-mesh2.png"
"295","diamond-mesh-per-30m-roll-new-202_png-68c3c8ce48ae7_webp","","295-diamond-mesh-per-30m-roll-new-202_png-68c3c8ce48ae7_webp.jpg"
"265","diamond mesh","","265-diamond-mesh-2.png"
"264","diamond mesh","","264-diamond-mesh-1-scaled.png"
"256","diamond mesh","","256-diamond-mesh-scaled.png"
"210","Brochure","","210-Fence-supports@300x-100.jpg"
"208","Brochure","","208-reinforced-mesh@300x-100-1.jpg"
"207","Brochure","","207-field-fence@300x-100-1.jpg"
"206","Brochure","","206-diamond-mesh@300x-100-1.jpg"
"205","Brochure","","205-deformed-bars@300x-100-1.jpg"
"204","Brochure","","204-corner-post@300x-100-1.jpg"
"203","Brochure","","203-construction-mesh@300x-100-1.jpg"
"202","Brochure","","202-barbed-wire@300x-100-1.jpg"
"190","reinforced mesh@300x-100","","190-reinforced-mesh@300x-100.jpg"
"189","field fence@300x-100","","189-field-fence@300x-100.jpg"
"188","diamond mesh@300x-100","","188-diamond-mesh@300x-100.jpg"
"187","deformed bars@300x-100","","187-deformed-bars@300x-100.jpg"
"186","corner post@300x-100","","186-corner-post@300x-100.jpg"
"185","construction mesh@300x-100","","185-construction-mesh@300x-100.webp"
"184","barbed wire@300x-100","","184-barbed-wire@300x-100.webp"
"165","Azzar staff presentation HQ","","165-Azzar-staff-presentation-HQ.mp4"
"150","IMG_7105","Azzar Fencing","150-IMG_7105-scaled.webp"
"115","stock-vector-chain-link-fence-with-realistic-wire-mesh-seamless-pattern-vector-illustration-abstract-metal-net-2197877011_jpg","","115-stock-vector-chain-link-fence-with-realistic-wire-mesh-seamless-pattern-vector-illustration-abstract-metal-net-2197877011_jpg-scaled.png"
